{
  "code": 200007,
  "kind": "organization",
  "objs": [
    {
      "modified_user": "AARVc2VyAAZnbG9iYWwTgUAAHdIRsoCAgICAgICAE4FAAB3SEbKAgICAgICAgA",
      "gid": "AAxPcmdhbml6YXRpb24ABmdsb2JhbK7tPxDvzxHkgICAgICAgIA",
      "id": "aeed3f10-efcf-11e4-8080-808080808080",
      "subdomain": "abclighting",
      "modified": 1430463600001,
      "name": "ABC Lighting",
      "dcs": [
        "us"
      ],
      "types": [
        "vendor"
      ],
      "apps": [
        "portal",
        "xmap"
      ],
      "orgs": {},
      "facilities": [],
      "groups": [],
      "roles": {},
      "thirdparty_emails": false,
      "creation": 1430463600001
    },
    {
      "modified_user": "AARVc2VyAAZnbG9iYWwTgUAAHdIRsoCAgICAgICAE4FAAB3SEbKAgICAgICAgA",
      "gid": "AAxPcmdhbml6YXRpb24ABmdsb2JhbK7tGADvzxHkgICAgICAgIA",
      "id": "aeed1800-efcf-11e4-8080-808080808080",
      "subdomain": "att",
      "modified": 1430463600000,
      "name": "ATT",
      "dcs": [
        "us"
      ],
      "types": [
        "customer"
      ],
      "apps": [
        "portal",
        "xmap"
      ],
      "orgs": {},
      "facilities": [
        "AAhGYWNpbGl0eQACdXOu7RgA788R5ICAgICAgICAru5QgO_PEeSAgICAgICAgA"
      ],
      "groups": [],
      "roles": {},
      "thirdparty_emails": false,
      "creation": 1430463600000
    },
    {
      "modified_user": "AARVc2VyAAZnbG9iYWwTgUAAHdIRsoCAgICAgICAE4FAAB3SEbKAgICAgICAgA",
      "gid": "AAxPcmdhbml6YXRpb24ABmdsb2JhbLaImADYPBHkgICAgICAgIA",
      "id": "b6889800-d83c-11e4-8080-808080808080",
      "subdomain": "www",
      "modified": 1427871600000,
      "name": "Enlighted Inc.",
      "dcs": [
        "us"
      ],
      "types": [
        "manager"
      ],
      "apps": [
        "portal",
        "xmap"
      ],
      "orgs": {},
      "facilities": [],
      "groups": [],
      "roles": {},
      "thirdparty_emails": false,
      "creation": 1427871600000
    },
	{  
         "modified_user":"AARVc2VyAAZnbG9iYWwTgUAAHdIRsoCAgICAgICAE4FAAB3SEbKAgICAgICAgA",
         "gid":"AAxPcmdhbml6YXRpb24ABmdsb2JhbK7tPxDvzxHkgICAgICAgIA",
         "id":"aeed3f10-efcf-11e4-8080-808080808080",
         "subdomain":"abclighting",
         "modified":1430463600001,
         "name":"new org 1",
         "dcs":[  
            "us"
         ],
         "types":[  
            "vendor"
         ],
         "apps":[  
            "portal",
            "xmap"
         ],
         "orgs":{  },
         "facilities":[  ],
         "groups":[  ],
         "roles":{  },
         "thirdparty_emails":false,
         "creation":1430463600001
      }
	  ,
	{  
         "modified_user":"AARVc2VyAAZnbG9iYWwTgUAAHdIRsoCAgICAgICAE4FAAB3SEbKAgICAgICAgA",
         "gid":"AAxPcmdhbml6YXRpb24ABmdsb2JhbK7tPxDvzxHkgICAgICAgIA",
         "id":"aeed3f10-efcf-11e4-8080-808080808080",
         "subdomain":"abclighting",
         "modified":1430463600001,
         "name":"new org 2",
         "dcs":[  
            "us"
         ],
         "types":[  
            "vendor"
         ],
         "apps":[  
            "portal",
            "xmap"
         ],
         "orgs":{  },
         "facilities":[  ],
         "groups":[  ],
         "roles":{  },
         "thirdparty_emails":false,
         "creation":1430463600001
      },
	{  
         "modified_user":"AARVc2VyAAZnbG9iYWwTgUAAHdIRsoCAgICAgICAE4FAAB3SEbKAgICAgICAgA",
         "gid":"AAxPcmdhbml6YXRpb24ABmdsb2JhbK7tPxDvzxHkgICAgICAgIA",
         "id":"aeed3f10-efcf-11e4-8080-808080808080",
         "subdomain":"abclighting",
         "modified":1430463600001,
         "name":"new org 3",
         "dcs":[  
            "us"
         ],
         "types":[  
            "vendor"
         ],
         "apps":[  
            "portal",
            "xmap"
         ],
         "orgs":{  },
         "facilities":[  ],
         "groups":[  ],
         "roles":{  },
         "thirdparty_emails":false,
         "creation":1430463600001
      },
	  {  
         "modified_user":"AARVc2VyAAZnbG9iYWwTgUAAHdIRsoCAgICAgICAE4FAAB3SEbKAgICAgICAgA",
         "gid":"AAxPcmdhbml6YXRpb24ABmdsb2JhbK7tPxDvzxHkgICAgICAgIA",
         "id":"aeed3f10-efcf-11e4-8080-808080808080",
         "subdomain":"abclighting",
         "modified":1430463600001,
         "name":"new org 4",
         "dcs":[  
            "us"
         ],
         "types":[  
            "vendor"
         ],
         "apps":[  
            "portal",
            "xmap"
         ],
         "orgs":{  },
         "facilities":[  ],
         "groups":[  ],
         "roles":{  },
         "thirdparty_emails":false,
         "creation":1430463600001
      }
  ]
}